<?xml version='1.0' encoding='utf-8'?>
<!DOCTYPE hibernate-configuration PUBLIC
        "-//Hibernate/Hibernate Configuration DTD 3.0//EN"
        "http://www.hibernate.org/dtd/hibernate-configuration-3.0.dtd">

<hibernate-configuration>

    <session-factory>

        <!-- Database connection settings -->
        <property name="connection.driver_class">com.microsoft.sqlserver.jdbc.SQLServerDriver</property>
        <property name="connection.url">jdbc:sqlserver://localhost:1433;databaseName=Stock_Management</property>
        <property name="hibernate.dialect">org.hibernate.dialect.SQLServerDialect</property>
        <property name="connection.username">sa</property>
        <property name="connection.password">123456</property>
        <property name="show_sql">true</property>
        <property name="hibernate.hbm2ddl.auto">update</property>
        
        <!-- Config crrent session -->
        <property name="hibernate.current_session_context_class">thread</property>
        

    </session-factory>

</hibernate-configuration>